--
-- PostgreSQL database dump
--

-- Dumped from database version 16.8 (Ubuntu 16.8-0ubuntu0.24.04.1)
-- Dumped by pg_dump version 16.8 (Ubuntu 16.8-0ubuntu0.24.04.1)

SET statement_timeout = 0;
SET lock_timeout = 0;
SET idle_in_transaction_session_timeout = 0;
SET client_encoding = 'UTF8';
SET standard_conforming_strings = on;
SELECT pg_catalog.set_config('search_path', '', false);
SET check_function_bodies = false;
SET xmloption = content;
SET client_min_messages = warning;
SET row_security = off;

SET default_tablespace = '';

SET default_table_access_method = heap;

--
-- Name: auth_group; Type: TABLE; Schema: public; Owner: -
--

CREATE TABLE public.auth_group (
    id integer NOT NULL,
    name character varying(150) NOT NULL
);


--
-- Name: auth_group_id_seq; Type: SEQUENCE; Schema: public; Owner: -
--

ALTER TABLE public.auth_group ALTER COLUMN id ADD GENERATED BY DEFAULT AS IDENTITY (
    SEQUENCE NAME public.auth_group_id_seq
    START WITH 1
    INCREMENT BY 1
    NO MINVALUE
    NO MAXVALUE
    CACHE 1
);


--
-- Name: auth_group_permissions; Type: TABLE; Schema: public; Owner: -
--

CREATE TABLE public.auth_group_permissions (
    id bigint NOT NULL,
    group_id integer NOT NULL,
    permission_id integer NOT NULL
);


--
-- Name: auth_group_permissions_id_seq; Type: SEQUENCE; Schema: public; Owner: -
--

ALTER TABLE public.auth_group_permissions ALTER COLUMN id ADD GENERATED BY DEFAULT AS IDENTITY (
    SEQUENCE NAME public.auth_group_permissions_id_seq
    START WITH 1
    INCREMENT BY 1
    NO MINVALUE
    NO MAXVALUE
    CACHE 1
);


--
-- Name: auth_permission; Type: TABLE; Schema: public; Owner: -
--

CREATE TABLE public.auth_permission (
    id integer NOT NULL,
    name character varying(255) NOT NULL,
    content_type_id integer NOT NULL,
    codename character varying(100) NOT NULL
);


--
-- Name: auth_permission_id_seq; Type: SEQUENCE; Schema: public; Owner: -
--

ALTER TABLE public.auth_permission ALTER COLUMN id ADD GENERATED BY DEFAULT AS IDENTITY (
    SEQUENCE NAME public.auth_permission_id_seq
    START WITH 1
    INCREMENT BY 1
    NO MINVALUE
    NO MAXVALUE
    CACHE 1
);


--
-- Name: auth_user; Type: TABLE; Schema: public; Owner: -
--

CREATE TABLE public.auth_user (
    id integer NOT NULL,
    password character varying(128) NOT NULL,
    last_login timestamp with time zone,
    is_superuser boolean NOT NULL,
    username character varying(150) NOT NULL,
    first_name character varying(150) NOT NULL,
    last_name character varying(150) NOT NULL,
    email character varying(254) NOT NULL,
    is_staff boolean NOT NULL,
    is_active boolean NOT NULL,
    date_joined timestamp with time zone NOT NULL
);


--
-- Name: auth_user_groups; Type: TABLE; Schema: public; Owner: -
--

CREATE TABLE public.auth_user_groups (
    id bigint NOT NULL,
    user_id integer NOT NULL,
    group_id integer NOT NULL
);


--
-- Name: auth_user_groups_id_seq; Type: SEQUENCE; Schema: public; Owner: -
--

ALTER TABLE public.auth_user_groups ALTER COLUMN id ADD GENERATED BY DEFAULT AS IDENTITY (
    SEQUENCE NAME public.auth_user_groups_id_seq
    START WITH 1
    INCREMENT BY 1
    NO MINVALUE
    NO MAXVALUE
    CACHE 1
);


--
-- Name: auth_user_id_seq; Type: SEQUENCE; Schema: public; Owner: -
--

ALTER TABLE public.auth_user ALTER COLUMN id ADD GENERATED BY DEFAULT AS IDENTITY (
    SEQUENCE NAME public.auth_user_id_seq
    START WITH 1
    INCREMENT BY 1
    NO MINVALUE
    NO MAXVALUE
    CACHE 1
);


--
-- Name: auth_user_user_permissions; Type: TABLE; Schema: public; Owner: -
--

CREATE TABLE public.auth_user_user_permissions (
    id bigint NOT NULL,
    user_id integer NOT NULL,
    permission_id integer NOT NULL
);


--
-- Name: auth_user_user_permissions_id_seq; Type: SEQUENCE; Schema: public; Owner: -
--

ALTER TABLE public.auth_user_user_permissions ALTER COLUMN id ADD GENERATED BY DEFAULT AS IDENTITY (
    SEQUENCE NAME public.auth_user_user_permissions_id_seq
    START WITH 1
    INCREMENT BY 1
    NO MINVALUE
    NO MAXVALUE
    CACHE 1
);


--
-- Name: campaign_advertisement; Type: TABLE; Schema: public; Owner: -
--

CREATE TABLE public.campaign_advertisement (
    advertisement_id uuid NOT NULL,
    title character varying(255) NOT NULL,
    content text NOT NULL,
    start_date timestamp with time zone NOT NULL,
    end_date timestamp with time zone NOT NULL,
    is_active boolean NOT NULL,
    created_at timestamp with time zone NOT NULL,
    media_file character varying(100),
    type character varying(10) NOT NULL
);


--
-- Name: campaign_advertisementassignment; Type: TABLE; Schema: public; Owner: -
--

CREATE TABLE public.campaign_advertisementassignment (
    id bigint NOT NULL,
    assigned_at timestamp with time zone NOT NULL,
    advertisement_id uuid NOT NULL,
    beacon_id uuid NOT NULL
);


--
-- Name: campaign_advertisementassignment_id_seq; Type: SEQUENCE; Schema: public; Owner: -
--

ALTER TABLE public.campaign_advertisementassignment ALTER COLUMN id ADD GENERATED BY DEFAULT AS IDENTITY (
    SEQUENCE NAME public.campaign_advertisementassignment_id_seq
    START WITH 1
    INCREMENT BY 1
    NO MINVALUE
    NO MAXVALUE
    CACHE 1
);


--
-- Name: campaign_advertisementlog; Type: TABLE; Schema: public; Owner: -
--

CREATE TABLE public.campaign_advertisementlog (
    log_id bigint NOT NULL,
    "timestamp" timestamp with time zone NOT NULL,
    advertisement_id uuid NOT NULL,
    beacon_id uuid NOT NULL
);


--
-- Name: campaign_advertisementlog_log_id_seq; Type: SEQUENCE; Schema: public; Owner: -
--

ALTER TABLE public.campaign_advertisementlog ALTER COLUMN log_id ADD GENERATED BY DEFAULT AS IDENTITY (
    SEQUENCE NAME public.campaign_advertisementlog_log_id_seq
    START WITH 1
    INCREMENT BY 1
    NO MINVALUE
    NO MAXVALUE
    CACHE 1
);


--
-- Name: campaign_beacon; Type: TABLE; Schema: public; Owner: -
--

CREATE TABLE public.campaign_beacon (
    beacon_id uuid NOT NULL,
    name character varying(100) NOT NULL,
    location_name character varying(100) NOT NULL,
    signal_strength double precision,
    battery_status double precision,
    start_date timestamp with time zone NOT NULL,
    status character varying(10) NOT NULL,
    major integer,
    minor integer,
    latitude double precision,
    longitude double precision
);


--
-- Name: campaign_beaconmessage; Type: TABLE; Schema: public; Owner: -
--

CREATE TABLE public.campaign_beaconmessage (
    message_id uuid NOT NULL,
    content character varying(255) NOT NULL,
    type character varying(10) NOT NULL,
    sent_at timestamp with time zone NOT NULL,
    read_at timestamp with time zone,
    beacon_id uuid NOT NULL
);


--
-- Name: django_admin_log; Type: TABLE; Schema: public; Owner: -
--

CREATE TABLE public.django_admin_log (
    id integer NOT NULL,
    action_time timestamp with time zone NOT NULL,
    object_id text,
    object_repr character varying(200) NOT NULL,
    action_flag smallint NOT NULL,
    change_message text NOT NULL,
    content_type_id integer,
    user_id integer NOT NULL,
    CONSTRAINT django_admin_log_action_flag_check CHECK ((action_flag >= 0))
);


--
-- Name: django_admin_log_id_seq; Type: SEQUENCE; Schema: public; Owner: -
--

ALTER TABLE public.django_admin_log ALTER COLUMN id ADD GENERATED BY DEFAULT AS IDENTITY (
    SEQUENCE NAME public.django_admin_log_id_seq
    START WITH 1
    INCREMENT BY 1
    NO MINVALUE
    NO MAXVALUE
    CACHE 1
);


--
-- Name: django_celery_beat_clockedschedule; Type: TABLE; Schema: public; Owner: -
--

CREATE TABLE public.django_celery_beat_clockedschedule (
    id integer NOT NULL,
    clocked_time timestamp with time zone NOT NULL
);


--
-- Name: django_celery_beat_clockedschedule_id_seq; Type: SEQUENCE; Schema: public; Owner: -
--

ALTER TABLE public.django_celery_beat_clockedschedule ALTER COLUMN id ADD GENERATED BY DEFAULT AS IDENTITY (
    SEQUENCE NAME public.django_celery_beat_clockedschedule_id_seq
    START WITH 1
    INCREMENT BY 1
    NO MINVALUE
    NO MAXVALUE
    CACHE 1
);


--
-- Name: django_celery_beat_crontabschedule; Type: TABLE; Schema: public; Owner: -
--

CREATE TABLE public.django_celery_beat_crontabschedule (
    id integer NOT NULL,
    minute character varying(240) NOT NULL,
    hour character varying(96) NOT NULL,
    day_of_week character varying(64) NOT NULL,
    day_of_month character varying(124) NOT NULL,
    month_of_year character varying(64) NOT NULL,
    timezone character varying(63) NOT NULL
);


--
-- Name: django_celery_beat_crontabschedule_id_seq; Type: SEQUENCE; Schema: public; Owner: -
--

ALTER TABLE public.django_celery_beat_crontabschedule ALTER COLUMN id ADD GENERATED BY DEFAULT AS IDENTITY (
    SEQUENCE NAME public.django_celery_beat_crontabschedule_id_seq
    START WITH 1
    INCREMENT BY 1
    NO MINVALUE
    NO MAXVALUE
    CACHE 1
);


--
-- Name: django_celery_beat_intervalschedule; Type: TABLE; Schema: public; Owner: -
--

CREATE TABLE public.django_celery_beat_intervalschedule (
    id integer NOT NULL,
    every integer NOT NULL,
    period character varying(24) NOT NULL
);


--
-- Name: django_celery_beat_intervalschedule_id_seq; Type: SEQUENCE; Schema: public; Owner: -
--

ALTER TABLE public.django_celery_beat_intervalschedule ALTER COLUMN id ADD GENERATED BY DEFAULT AS IDENTITY (
    SEQUENCE NAME public.django_celery_beat_intervalschedule_id_seq
    START WITH 1
    INCREMENT BY 1
    NO MINVALUE
    NO MAXVALUE
    CACHE 1
);


--
-- Name: django_celery_beat_periodictask; Type: TABLE; Schema: public; Owner: -
--

CREATE TABLE public.django_celery_beat_periodictask (
    id integer NOT NULL,
    name character varying(200) NOT NULL,
    task character varying(200) NOT NULL,
    args text NOT NULL,
    kwargs text NOT NULL,
    queue character varying(200),
    exchange character varying(200),
    routing_key character varying(200),
    expires timestamp with time zone,
    enabled boolean NOT NULL,
    last_run_at timestamp with time zone,
    total_run_count integer NOT NULL,
    date_changed timestamp with time zone NOT NULL,
    description text NOT NULL,
    crontab_id integer,
    interval_id integer,
    solar_id integer,
    one_off boolean NOT NULL,
    start_time timestamp with time zone,
    priority integer,
    headers text NOT NULL,
    clocked_id integer,
    expire_seconds integer,
    CONSTRAINT django_celery_beat_periodictask_expire_seconds_check CHECK ((expire_seconds >= 0)),
    CONSTRAINT django_celery_beat_periodictask_priority_check CHECK ((priority >= 0)),
    CONSTRAINT django_celery_beat_periodictask_total_run_count_check CHECK ((total_run_count >= 0))
);


--
-- Name: django_celery_beat_periodictask_id_seq; Type: SEQUENCE; Schema: public; Owner: -
--

ALTER TABLE public.django_celery_beat_periodictask ALTER COLUMN id ADD GENERATED BY DEFAULT AS IDENTITY (
    SEQUENCE NAME public.django_celery_beat_periodictask_id_seq
    START WITH 1
    INCREMENT BY 1
    NO MINVALUE
    NO MAXVALUE
    CACHE 1
);


--
-- Name: django_celery_beat_periodictasks; Type: TABLE; Schema: public; Owner: -
--

CREATE TABLE public.django_celery_beat_periodictasks (
    ident smallint NOT NULL,
    last_update timestamp with time zone NOT NULL
);


--
-- Name: django_celery_beat_solarschedule; Type: TABLE; Schema: public; Owner: -
--

CREATE TABLE public.django_celery_beat_solarschedule (
    id integer NOT NULL,
    event character varying(24) NOT NULL,
    latitude numeric(9,6) NOT NULL,
    longitude numeric(9,6) NOT NULL
);


--
-- Name: django_celery_beat_solarschedule_id_seq; Type: SEQUENCE; Schema: public; Owner: -
--

ALTER TABLE public.django_celery_beat_solarschedule ALTER COLUMN id ADD GENERATED BY DEFAULT AS IDENTITY (
    SEQUENCE NAME public.django_celery_beat_solarschedule_id_seq
    START WITH 1
    INCREMENT BY 1
    NO MINVALUE
    NO MAXVALUE
    CACHE 1
);


--
-- Name: django_content_type; Type: TABLE; Schema: public; Owner: -
--

CREATE TABLE public.django_content_type (
    id integer NOT NULL,
    app_label character varying(100) NOT NULL,
    model character varying(100) NOT NULL
);


--
-- Name: django_content_type_id_seq; Type: SEQUENCE; Schema: public; Owner: -
--

ALTER TABLE public.django_content_type ALTER COLUMN id ADD GENERATED BY DEFAULT AS IDENTITY (
    SEQUENCE NAME public.django_content_type_id_seq
    START WITH 1
    INCREMENT BY 1
    NO MINVALUE
    NO MAXVALUE
    CACHE 1
);


--
-- Name: django_migrations; Type: TABLE; Schema: public; Owner: -
--

CREATE TABLE public.django_migrations (
    id bigint NOT NULL,
    app character varying(255) NOT NULL,
    name character varying(255) NOT NULL,
    applied timestamp with time zone NOT NULL
);


--
-- Name: django_migrations_id_seq; Type: SEQUENCE; Schema: public; Owner: -
--

ALTER TABLE public.django_migrations ALTER COLUMN id ADD GENERATED BY DEFAULT AS IDENTITY (
    SEQUENCE NAME public.django_migrations_id_seq
    START WITH 1
    INCREMENT BY 1
    NO MINVALUE
    NO MAXVALUE
    CACHE 1
);


--
-- Name: django_session; Type: TABLE; Schema: public; Owner: -
--

CREATE TABLE public.django_session (
    session_key character varying(40) NOT NULL,
    session_data text NOT NULL,
    expire_date timestamp with time zone NOT NULL
);


--
-- Data for Name: auth_group; Type: TABLE DATA; Schema: public; Owner: -
--

COPY public.auth_group (id, name) FROM stdin;
\.


--
-- Data for Name: auth_group_permissions; Type: TABLE DATA; Schema: public; Owner: -
--

COPY public.auth_group_permissions (id, group_id, permission_id) FROM stdin;
\.


--
-- Data for Name: auth_permission; Type: TABLE DATA; Schema: public; Owner: -
--

COPY public.auth_permission (id, name, content_type_id, codename) FROM stdin;
1	Can add log entry	1	add_logentry
2	Can change log entry	1	change_logentry
3	Can delete log entry	1	delete_logentry
4	Can view log entry	1	view_logentry
5	Can add permission	2	add_permission
6	Can change permission	2	change_permission
7	Can delete permission	2	delete_permission
8	Can view permission	2	view_permission
9	Can add group	3	add_group
10	Can change group	3	change_group
11	Can delete group	3	delete_group
12	Can view group	3	view_group
13	Can add user	4	add_user
14	Can change user	4	change_user
15	Can delete user	4	delete_user
16	Can view user	4	view_user
17	Can add content type	5	add_contenttype
18	Can change content type	5	change_contenttype
19	Can delete content type	5	delete_contenttype
20	Can view content type	5	view_contenttype
21	Can add session	6	add_session
22	Can change session	6	change_session
23	Can delete session	6	delete_session
24	Can view session	6	view_session
25	Can add beacons	7	add_beacons
26	Can change beacons	7	change_beacons
27	Can delete beacons	7	delete_beacons
28	Can view beacons	7	view_beacons
29	Can add advertisements	8	add_advertisements
30	Can change advertisements	8	change_advertisements
31	Can delete advertisements	8	delete_advertisements
32	Can view advertisements	8	view_advertisements
33	Can add advertisements log	9	add_advertisementslog
34	Can change advertisements log	9	change_advertisementslog
35	Can delete advertisements log	9	delete_advertisementslog
36	Can view advertisements log	9	view_advertisementslog
37	Can add crontab	10	add_crontabschedule
38	Can change crontab	10	change_crontabschedule
39	Can delete crontab	10	delete_crontabschedule
40	Can view crontab	10	view_crontabschedule
41	Can add interval	11	add_intervalschedule
42	Can change interval	11	change_intervalschedule
43	Can delete interval	11	delete_intervalschedule
44	Can view interval	11	view_intervalschedule
45	Can add periodic task	12	add_periodictask
46	Can change periodic task	12	change_periodictask
47	Can delete periodic task	12	delete_periodictask
48	Can view periodic task	12	view_periodictask
49	Can add periodic task track	13	add_periodictasks
50	Can change periodic task track	13	change_periodictasks
51	Can delete periodic task track	13	delete_periodictasks
52	Can view periodic task track	13	view_periodictasks
53	Can add solar event	14	add_solarschedule
54	Can change solar event	14	change_solarschedule
55	Can delete solar event	14	delete_solarschedule
56	Can view solar event	14	view_solarschedule
57	Can add clocked	15	add_clockedschedule
58	Can change clocked	15	change_clockedschedule
59	Can delete clocked	15	delete_clockedschedule
60	Can view clocked	15	view_clockedschedule
61	Can add beacon messages	16	add_beaconmessages
62	Can change beacon messages	16	change_beaconmessages
63	Can delete beacon messages	16	delete_beaconmessages
64	Can view beacon messages	16	view_beaconmessages
65	Can add advertisement	17	add_advertisement
66	Can change advertisement	17	change_advertisement
67	Can delete advertisement	17	delete_advertisement
68	Can view advertisement	17	view_advertisement
69	Can add beacon	18	add_beacon
70	Can change beacon	18	change_beacon
71	Can delete beacon	18	delete_beacon
72	Can view beacon	18	view_beacon
73	Can add advertisement log	19	add_advertisementlog
74	Can change advertisement log	19	change_advertisementlog
75	Can delete advertisement log	19	delete_advertisementlog
76	Can view advertisement log	19	view_advertisementlog
77	Can add beacon message	20	add_beaconmessage
78	Can change beacon message	20	change_beaconmessage
79	Can delete beacon message	20	delete_beaconmessage
80	Can view beacon message	20	view_beaconmessage
81	Can add advertisement assignment	21	add_advertisementassignment
82	Can change advertisement assignment	21	change_advertisementassignment
83	Can delete advertisement assignment	21	delete_advertisementassignment
84	Can view advertisement assignment	21	view_advertisementassignment
\.


--
-- Data for Name: auth_user; Type: TABLE DATA; Schema: public; Owner: -
--

COPY public.auth_user (id, password, last_login, is_superuser, username, first_name, last_name, email, is_staff, is_active, date_joined) FROM stdin;
1	pbkdf2_sha256$870000$ajHllgfyayTydftkntaQWW$+oQHj1kNXXlVqW2TYpcZHha+YQIJn1Mu1VCvKeHl8CU=	2025-02-26 10:47:06.901324+03	t	erdey			erdeysyoum@gmail.com	t	t	2025-02-05 05:11:27.594685+03
\.


--
-- Data for Name: auth_user_groups; Type: TABLE DATA; Schema: public; Owner: -
--

COPY public.auth_user_groups (id, user_id, group_id) FROM stdin;
\.


--
-- Data for Name: auth_user_user_permissions; Type: TABLE DATA; Schema: public; Owner: -
--

COPY public.auth_user_user_permissions (id, user_id, permission_id) FROM stdin;
\.


--
-- Data for Name: campaign_advertisement; Type: TABLE DATA; Schema: public; Owner: -
--

COPY public.campaign_advertisement (advertisement_id, title, content, start_date, end_date, is_active, created_at, media_file, type) FROM stdin;
3832597d-e4c3-49a7-9a02-39b07faea4d0	YBS Commissioning	We are offering an Expert services in commissioning works, ensuring efficiency and reliability in various operations.	2025-02-20 03:00:00+03	2025-03-29 03:00:00+03	t	2025-02-14 09:20:24.417763+03		text
62f1410f-6486-4888-b2c7-bff7e8523a35	YBS asbeza	We are offering YBS asbeza with a 20% of discount vist our stores.	2025-02-20 03:00:00+03	2025-03-22 03:00:00+03	t	2025-02-14 09:22:53.777739+03		text
eb7f75c1-561f-41e7-9e4b-6fbb65da56fa	YBS Kitchen (Catering & Fast-food)	We are offering YBS kitchen to prepare a deliciuos food for you.	2025-02-20 03:00:00+03	2025-04-25 03:00:00+03	t	2025-02-14 09:27:18.186968+03		text
10171822-8060-464d-80ec-287788b1532c	ybs soap	We are offering a meal with a 30% discount visit us	2025-02-17 03:00:00+03	2025-02-20 03:00:00+03	t	2025-02-17 12:09:30.259646+03		text
a83e7453-a839-479f-a2b2-cbdff16326d8	ybs soap	We are offering asbeza with a 20% discount visit us	2025-02-18 03:00:00+03	2025-02-20 03:00:00+03	t	2025-02-17 14:48:40.797904+03		text
21a490c5-b172-4daf-936f-b6465b4c6e34	YBS asbeza	We are offering YBS soup with a 30% of discount vist our stores.	2025-02-20 03:00:00+03	2025-02-28 03:00:00+03	t	2025-02-14 09:23:21.745791+03		text
\.


--
-- Data for Name: campaign_advertisementassignment; Type: TABLE DATA; Schema: public; Owner: -
--

COPY public.campaign_advertisementassignment (id, assigned_at, advertisement_id, beacon_id) FROM stdin;
1	2025-03-03 11:12:01.556188+03	62f1410f-6486-4888-b2c7-bff7e8523a35	279ec222-244d-433e-ae1a-07d2d14cd229
2	2025-03-03 11:15:27.993783+03	3832597d-e4c3-49a7-9a02-39b07faea4d0	279ec222-244d-433e-ae1a-07d2d14cd229
3	2025-03-03 11:17:03.506066+03	3832597d-e4c3-49a7-9a02-39b07faea4d0	e7f0ebe1-7a8f-4846-9ccf-581371452fa9
\.


--
-- Data for Name: campaign_advertisementlog; Type: TABLE DATA; Schema: public; Owner: -
--

COPY public.campaign_advertisementlog (log_id, "timestamp", advertisement_id, beacon_id) FROM stdin;
1	2025-02-17 09:27:03.324835+03	3832597d-e4c3-49a7-9a02-39b07faea4d0	e7f0ebe1-7a8f-4846-9ccf-581371452fa9
2	2025-02-18 15:57:43.636798+03	3832597d-e4c3-49a7-9a02-39b07faea4d0	9136cf60-978f-4e89-8984-21273b1ba265
3	2025-02-18 16:57:03.235283+03	3832597d-e4c3-49a7-9a02-39b07faea4d0	9136cf60-978f-4e89-8984-21273b1ba265
\.


--
-- Data for Name: campaign_beacon; Type: TABLE DATA; Schema: public; Owner: -
--

COPY public.campaign_beacon (beacon_id, name, location_name, signal_strength, battery_status, start_date, status, major, minor, latitude, longitude) FROM stdin;
279ec222-244d-433e-ae1a-07d2d14cd229	beacon 2	Mexico	\N	\N	2025-02-13 22:04:07.275211+03	Inactive	\N	\N	\N	\N
9136cf60-978f-4e89-8984-21273b1ba265	beacon 3	Jomo	\N	\N	2025-02-13 22:04:28.462333+03	Inactive	\N	\N	\N	\N
ecaadebe-da2f-4c75-a210-409c09ba04e5	beacon 4	Kality	\N	\N	2025-02-13 22:04:50.687362+03	Inactive	\N	\N	\N	\N
1547362e-57c5-4f07-9688-75fddef72787	beacon 5	Megenagna	\N	\N	2025-02-24 14:31:48.812576+03	Inactive	\N	\N	\N	\N
e7f0ebe1-7a8f-4846-9ccf-581371452fa9	beacon 1	Bole	-50	97.8	2025-02-13 22:03:27.266533+03	Inactive	2147483646	2147483640	9.034234	38.751213
\.


--
-- Data for Name: campaign_beaconmessage; Type: TABLE DATA; Schema: public; Owner: -
--

COPY public.campaign_beaconmessage (message_id, content, type, sent_at, read_at, beacon_id) FROM stdin;
7b59f797-fe59-4c88-9e35-c484383dce95	sent link	text	2025-02-13 22:15:56.366683+03	2025-02-13 03:00:00+03	e7f0ebe1-7a8f-4846-9ccf-581371452fa9
38941605-0664-46f1-8d5d-9c5182d9b40e	download our app from this(link)	text	2025-02-15 08:56:21.157369+03	2025-02-16 03:00:00+03	e7f0ebe1-7a8f-4846-9ccf-581371452fa9
e965f8e0-4eb6-48db-a3db-a16f50cf30af	download our app from this(link)	text	2025-02-15 09:08:11.879663+03	2025-02-16 03:00:00+03	e7f0ebe1-7a8f-4846-9ccf-581371452fa9
abec2991-e16e-470a-a51a-8b7cd356d16d	Welcome to ybs market Enjoy exclusive discounts today	text	2025-02-15 09:32:18.555057+03	2025-02-12 03:00:00+03	279ec222-244d-433e-ae1a-07d2d14cd229
\.


--
-- Data for Name: django_admin_log; Type: TABLE DATA; Schema: public; Owner: -
--

COPY public.django_admin_log (id, action_time, object_id, object_repr, action_flag, change_message, content_type_id, user_id) FROM stdin;
1	2025-02-06 11:57:19.649483+03	1	every day	1	[{"added": {}}]	11	1
2	2025-02-06 11:57:53.589447+03	1	Deactivate Expired Advertisements: every day	1	[{"added": {}}]	12	1
\.


--
-- Data for Name: django_celery_beat_clockedschedule; Type: TABLE DATA; Schema: public; Owner: -
--

COPY public.django_celery_beat_clockedschedule (id, clocked_time) FROM stdin;
\.


--
-- Data for Name: django_celery_beat_crontabschedule; Type: TABLE DATA; Schema: public; Owner: -
--

COPY public.django_celery_beat_crontabschedule (id, minute, hour, day_of_week, day_of_month, month_of_year, timezone) FROM stdin;
\.


--
-- Data for Name: django_celery_beat_intervalschedule; Type: TABLE DATA; Schema: public; Owner: -
--

COPY public.django_celery_beat_intervalschedule (id, every, period) FROM stdin;
1	1	days
\.


--
-- Data for Name: django_celery_beat_periodictask; Type: TABLE DATA; Schema: public; Owner: -
--

COPY public.django_celery_beat_periodictask (id, name, task, args, kwargs, queue, exchange, routing_key, expires, enabled, last_run_at, total_run_count, date_changed, description, crontab_id, interval_id, solar_id, one_off, start_time, priority, headers, clocked_id, expire_seconds) FROM stdin;
1	Deactivate Expired Advertisements	campaign.tasks.deactivate_expired_ads	[]	{}	\N	\N	\N	\N	t	\N	0	2025-02-06 11:57:53.586461+03	change advertisements status from active to inactive based on the expiry date	\N	1	\N	f	\N	\N	{}	\N	\N
\.


--
-- Data for Name: django_celery_beat_periodictasks; Type: TABLE DATA; Schema: public; Owner: -
--

COPY public.django_celery_beat_periodictasks (ident, last_update) FROM stdin;
1	2025-02-06 11:57:53.587425+03
\.


--
-- Data for Name: django_celery_beat_solarschedule; Type: TABLE DATA; Schema: public; Owner: -
--

COPY public.django_celery_beat_solarschedule (id, event, latitude, longitude) FROM stdin;
\.


--
-- Data for Name: django_content_type; Type: TABLE DATA; Schema: public; Owner: -
--

COPY public.django_content_type (id, app_label, model) FROM stdin;
1	admin	logentry
2	auth	permission
3	auth	group
4	auth	user
5	contenttypes	contenttype
6	sessions	session
7	campaign	beacons
8	campaign	advertisements
9	campaign	advertisementslog
10	django_celery_beat	crontabschedule
11	django_celery_beat	intervalschedule
12	django_celery_beat	periodictask
13	django_celery_beat	periodictasks
14	django_celery_beat	solarschedule
15	django_celery_beat	clockedschedule
16	campaign	beaconmessages
17	campaign	advertisement
18	campaign	beacon
19	campaign	advertisementlog
20	campaign	beaconmessage
21	campaign	advertisementassignment
\.


--
-- Data for Name: django_migrations; Type: TABLE DATA; Schema: public; Owner: -
--

COPY public.django_migrations (id, app, name, applied) FROM stdin;
1	contenttypes	0001_initial	2025-01-11 17:55:05.543964+03
2	auth	0001_initial	2025-01-11 17:55:05.615626+03
3	admin	0001_initial	2025-01-11 17:55:05.640276+03
4	admin	0002_logentry_remove_auto_add	2025-01-11 17:55:05.644811+03
5	admin	0003_logentry_add_action_flag_choices	2025-01-11 17:55:05.651013+03
6	contenttypes	0002_remove_content_type_name	2025-01-11 17:55:05.659071+03
7	auth	0002_alter_permission_name_max_length	2025-01-11 17:55:05.663088+03
8	auth	0003_alter_user_email_max_length	2025-01-11 17:55:05.667049+03
9	auth	0004_alter_user_username_opts	2025-01-11 17:55:05.671874+03
10	auth	0005_alter_user_last_login_null	2025-01-11 17:55:05.675978+03
11	auth	0006_require_contenttypes_0002	2025-01-11 17:55:05.677051+03
12	auth	0007_alter_validators_add_error_messages	2025-01-11 17:55:05.680585+03
13	auth	0008_alter_user_username_max_length	2025-01-11 17:55:05.688028+03
14	auth	0009_alter_user_last_name_max_length	2025-01-11 17:55:05.692721+03
15	auth	0010_alter_group_name_max_length	2025-01-11 17:55:05.697237+03
16	auth	0011_update_proxy_permissions	2025-01-11 17:55:05.70096+03
17	auth	0012_alter_user_first_name_max_length	2025-01-11 17:55:05.705177+03
18	campaign	0001_initial	2025-01-11 17:55:05.718421+03
19	campaign	0002_beacons_start_date	2025-01-11 17:55:05.722309+03
20	sessions	0001_initial	2025-01-11 17:55:05.732714+03
21	campaign	0002_alter_advertisements_id_alter_beacons_id	2025-01-14 11:04:26.82705+03
22	campaign	0002_remove_advertisements_id_remove_beacons_id_and_more	2025-01-14 11:20:21.370103+03
23	campaign	0003_advertisements_is_active_advertisements_media_file_and_more	2025-01-17 06:16:51.089601+03
24	campaign	0004_alter_advertisements_uuid_alter_beacons_uuid	2025-01-22 12:01:22.255488+03
25	campaign	0005_alter_advertisements_uuid_alter_beacons_uuid	2025-01-22 13:57:16.095886+03
26	campaign	0006_alter_advertisements_beacon_id_and_more	2025-01-22 14:00:12.719717+03
27	campaign	0007_alter_advertisements_uuid_alter_beacons_uuid	2025-01-22 14:06:15.134718+03
28	campaign	0002_alter_advertisements_uuid_alter_beacons_uuid	2025-01-22 14:21:02.284377+03
29	campaign	0003_beacons_battery_status_alter_advertisements_uuid_and_more	2025-01-23 11:36:18.255316+03
30	campaign	0004_alter_advertisements_uuid_and_more	2025-01-25 09:27:46.660745+03
31	campaign	0005_alter_advertisements_uuid_alter_beacons_uuid_and_more	2025-01-25 16:27:32.502647+03
32	campaign	0002_alter_advertisements_advertisement_id_and_more	2025-01-27 17:24:55.869144+03
33	campaign	0003_alter_advertisements_advertisement_id_and_more	2025-01-27 17:44:14.46742+03
34	campaign	0004_alter_advertisements_advertisement_id_and_more	2025-01-27 17:46:45.436809+03
35	campaign	0005_alter_advertisements_advertisement_id_and_more	2025-01-27 23:06:05.081246+03
37	campaign	0004_beacons_name_alter_advertisements_advertisement_id_and_more	2025-02-01 05:07:35.386754+03
38	django_celery_beat	0001_initial	2025-02-06 11:44:53.760254+03
39	django_celery_beat	0002_auto_20161118_0346	2025-02-06 11:44:53.7682+03
40	django_celery_beat	0003_auto_20161209_0049	2025-02-06 11:44:53.773332+03
41	django_celery_beat	0004_auto_20170221_0000	2025-02-06 11:44:53.776399+03
42	django_celery_beat	0005_add_solarschedule_events_choices	2025-02-06 11:44:53.778719+03
43	django_celery_beat	0006_auto_20180322_0932	2025-02-06 11:44:53.800656+03
44	django_celery_beat	0007_auto_20180521_0826	2025-02-06 11:44:53.814018+03
45	django_celery_beat	0008_auto_20180914_1922	2025-02-06 11:44:53.832878+03
46	django_celery_beat	0006_auto_20180210_1226	2025-02-06 11:44:53.844871+03
47	django_celery_beat	0006_periodictask_priority	2025-02-06 11:44:53.850504+03
48	django_celery_beat	0009_periodictask_headers	2025-02-06 11:44:53.856112+03
49	django_celery_beat	0010_auto_20190429_0326	2025-02-06 11:44:53.974636+03
50	django_celery_beat	0011_auto_20190508_0153	2025-02-06 11:44:53.986239+03
51	django_celery_beat	0012_periodictask_expire_seconds	2025-02-06 11:44:53.992392+03
52	django_celery_beat	0013_auto_20200609_0727	2025-02-06 11:44:53.998722+03
53	django_celery_beat	0014_remove_clockedschedule_enabled	2025-02-06 11:44:54.00113+03
54	django_celery_beat	0015_edit_solarschedule_events_choices	2025-02-06 11:44:54.004528+03
55	django_celery_beat	0016_alter_crontabschedule_timezone	2025-02-06 11:44:54.010743+03
56	django_celery_beat	0017_alter_crontabschedule_month_of_year	2025-02-06 11:44:54.034998+03
57	django_celery_beat	0018_improve_crontab_helptext	2025-02-06 11:44:54.039948+03
58	django_celery_beat	0019_alter_periodictasks_options	2025-02-06 11:44:54.041603+03
62	campaign	0002_beacon_major_beacon_minor_and_more	2025-02-17 12:00:54.521014+03
63	campaign	0003_alter_advertisement_end_date_and_more	2025-02-20 11:29:23.694827+03
64	campaign	0002_remove_advertisement_beacon_advertisementassignment	2025-03-03 09:40:55.377225+03
65	campaign	0003_alter_advertisementassignment_advertisement_and_more	2025-03-04 11:15:48.761312+03
66	campaign	0004_beacon_latitude_beacon_longitude	2025-03-05 04:49:52.007635+03
\.


--
-- Data for Name: django_session; Type: TABLE DATA; Schema: public; Owner: -
--

COPY public.django_session (session_key, session_data, expire_date) FROM stdin;
s1aujmo66xnvmm68qkeqksrn697tzvp2	.eJxVjDkOwjAUBe_iGlnxghdK-pzB-ouNA8iR4qRC3B0ipYD2zcx7iQTbWtPW85ImFhehxOl3Q6BHbjvgO7TbLGlu6zKh3BV50C7HmfPzerh_BxV6_dZOU0RXvDElBhPQ82BU9qF4spaQyXjiHCBqxYrRnR1E512wg7ZkVRTvD-OoN44:1tfwbI:HZZYUd8QpSYS30_DSfzN8FLFj0k3IO3iCC8N0l-8sNo	2025-02-20 10:47:04.206461+03
b3mqxko544wc6ylfhd5fr3v1o5xqqhiq	.eJxVjDkOwjAUBe_iGlnxghdK-pzB-ouNA8iR4qRC3B0ipYD2zcx7iQTbWtPW85ImFhehxOl3Q6BHbjvgO7TbLGlu6zKh3BV50C7HmfPzerh_BxV6_dZOU0RXvDElBhPQ82BU9qF4spaQyXjiHCBqxYrRnR1E512wg7ZkVRTvD-OoN44:1tgNSO:KFrkhKhh-nAowy3tEe2b2mcAjp6URQ8CuTWqga7vhp8	2025-02-21 15:27:40.156565+03
1x5iim176dx9jd6ryon9i1apjhwvtwvs	.eJxVjDkOwjAUBe_iGlnxghdK-pzB-ouNA8iR4qRC3B0ipYD2zcx7iQTbWtPW85ImFhehxOl3Q6BHbjvgO7TbLGlu6zKh3BV50C7HmfPzerh_BxV6_dZOU0RXvDElBhPQ82BU9qF4spaQyXjiHCBqxYrRnR1E512wg7ZkVRTvD-OoN44:1tnC8I:1u1DyNGr87Vhmc8c9_eHXnk0Y_iUCEDf4n540bl78yQ	2025-03-12 10:47:06.90327+03
\.


--
-- Name: auth_group_id_seq; Type: SEQUENCE SET; Schema: public; Owner: -
--

SELECT pg_catalog.setval('public.auth_group_id_seq', 1, false);


--
-- Name: auth_group_permissions_id_seq; Type: SEQUENCE SET; Schema: public; Owner: -
--

SELECT pg_catalog.setval('public.auth_group_permissions_id_seq', 1, false);


--
-- Name: auth_permission_id_seq; Type: SEQUENCE SET; Schema: public; Owner: -
--

SELECT pg_catalog.setval('public.auth_permission_id_seq', 84, true);


--
-- Name: auth_user_groups_id_seq; Type: SEQUENCE SET; Schema: public; Owner: -
--

SELECT pg_catalog.setval('public.auth_user_groups_id_seq', 1, false);


--
-- Name: auth_user_id_seq; Type: SEQUENCE SET; Schema: public; Owner: -
--

SELECT pg_catalog.setval('public.auth_user_id_seq', 1, true);


--
-- Name: auth_user_user_permissions_id_seq; Type: SEQUENCE SET; Schema: public; Owner: -
--

SELECT pg_catalog.setval('public.auth_user_user_permissions_id_seq', 1, false);


--
-- Name: campaign_advertisementassignment_id_seq; Type: SEQUENCE SET; Schema: public; Owner: -
--

SELECT pg_catalog.setval('public.campaign_advertisementassignment_id_seq', 3, true);


--
-- Name: campaign_advertisementlog_log_id_seq; Type: SEQUENCE SET; Schema: public; Owner: -
--

SELECT pg_catalog.setval('public.campaign_advertisementlog_log_id_seq', 3, true);


--
-- Name: django_admin_log_id_seq; Type: SEQUENCE SET; Schema: public; Owner: -
--

SELECT pg_catalog.setval('public.django_admin_log_id_seq', 2, true);


--
-- Name: django_celery_beat_clockedschedule_id_seq; Type: SEQUENCE SET; Schema: public; Owner: -
--

SELECT pg_catalog.setval('public.django_celery_beat_clockedschedule_id_seq', 1, false);


--
-- Name: django_celery_beat_crontabschedule_id_seq; Type: SEQUENCE SET; Schema: public; Owner: -
--

SELECT pg_catalog.setval('public.django_celery_beat_crontabschedule_id_seq', 1, false);


--
-- Name: django_celery_beat_intervalschedule_id_seq; Type: SEQUENCE SET; Schema: public; Owner: -
--

SELECT pg_catalog.setval('public.django_celery_beat_intervalschedule_id_seq', 1, true);


--
-- Name: django_celery_beat_periodictask_id_seq; Type: SEQUENCE SET; Schema: public; Owner: -
--

SELECT pg_catalog.setval('public.django_celery_beat_periodictask_id_seq', 1, true);


--
-- Name: django_celery_beat_solarschedule_id_seq; Type: SEQUENCE SET; Schema: public; Owner: -
--

SELECT pg_catalog.setval('public.django_celery_beat_solarschedule_id_seq', 1, false);


--
-- Name: django_content_type_id_seq; Type: SEQUENCE SET; Schema: public; Owner: -
--

SELECT pg_catalog.setval('public.django_content_type_id_seq', 21, true);


--
-- Name: django_migrations_id_seq; Type: SEQUENCE SET; Schema: public; Owner: -
--

SELECT pg_catalog.setval('public.django_migrations_id_seq', 66, true);


--
-- Name: auth_group auth_group_name_key; Type: CONSTRAINT; Schema: public; Owner: -
--

ALTER TABLE ONLY public.auth_group
    ADD CONSTRAINT auth_group_name_key UNIQUE (name);


--
-- Name: auth_group_permissions auth_group_permissions_group_id_permission_id_0cd325b0_uniq; Type: CONSTRAINT; Schema: public; Owner: -
--

ALTER TABLE ONLY public.auth_group_permissions
    ADD CONSTRAINT auth_group_permissions_group_id_permission_id_0cd325b0_uniq UNIQUE (group_id, permission_id);


--
-- Name: auth_group_permissions auth_group_permissions_pkey; Type: CONSTRAINT; Schema: public; Owner: -
--

ALTER TABLE ONLY public.auth_group_permissions
    ADD CONSTRAINT auth_group_permissions_pkey PRIMARY KEY (id);


--
-- Name: auth_group auth_group_pkey; Type: CONSTRAINT; Schema: public; Owner: -
--

ALTER TABLE ONLY public.auth_group
    ADD CONSTRAINT auth_group_pkey PRIMARY KEY (id);


--
-- Name: auth_permission auth_permission_content_type_id_codename_01ab375a_uniq; Type: CONSTRAINT; Schema: public; Owner: -
--

ALTER TABLE ONLY public.auth_permission
    ADD CONSTRAINT auth_permission_content_type_id_codename_01ab375a_uniq UNIQUE (content_type_id, codename);


--
-- Name: auth_permission auth_permission_pkey; Type: CONSTRAINT; Schema: public; Owner: -
--

ALTER TABLE ONLY public.auth_permission
    ADD CONSTRAINT auth_permission_pkey PRIMARY KEY (id);


--
-- Name: auth_user_groups auth_user_groups_pkey; Type: CONSTRAINT; Schema: public; Owner: -
--

ALTER TABLE ONLY public.auth_user_groups
    ADD CONSTRAINT auth_user_groups_pkey PRIMARY KEY (id);


--
-- Name: auth_user_groups auth_user_groups_user_id_group_id_94350c0c_uniq; Type: CONSTRAINT; Schema: public; Owner: -
--

ALTER TABLE ONLY public.auth_user_groups
    ADD CONSTRAINT auth_user_groups_user_id_group_id_94350c0c_uniq UNIQUE (user_id, group_id);


--
-- Name: auth_user auth_user_pkey; Type: CONSTRAINT; Schema: public; Owner: -
--

ALTER TABLE ONLY public.auth_user
    ADD CONSTRAINT auth_user_pkey PRIMARY KEY (id);


--
-- Name: auth_user_user_permissions auth_user_user_permissions_pkey; Type: CONSTRAINT; Schema: public; Owner: -
--

ALTER TABLE ONLY public.auth_user_user_permissions
    ADD CONSTRAINT auth_user_user_permissions_pkey PRIMARY KEY (id);


--
-- Name: auth_user_user_permissions auth_user_user_permissions_user_id_permission_id_14a6b632_uniq; Type: CONSTRAINT; Schema: public; Owner: -
--

ALTER TABLE ONLY public.auth_user_user_permissions
    ADD CONSTRAINT auth_user_user_permissions_user_id_permission_id_14a6b632_uniq UNIQUE (user_id, permission_id);


--
-- Name: auth_user auth_user_username_key; Type: CONSTRAINT; Schema: public; Owner: -
--

ALTER TABLE ONLY public.auth_user
    ADD CONSTRAINT auth_user_username_key UNIQUE (username);


--
-- Name: campaign_advertisement campaign_advertisement_pkey; Type: CONSTRAINT; Schema: public; Owner: -
--

ALTER TABLE ONLY public.campaign_advertisement
    ADD CONSTRAINT campaign_advertisement_pkey PRIMARY KEY (advertisement_id);


--
-- Name: campaign_advertisementassignment campaign_advertisementas_beacon_id_advertisement__e75d0456_uniq; Type: CONSTRAINT; Schema: public; Owner: -
--

ALTER TABLE ONLY public.campaign_advertisementassignment
    ADD CONSTRAINT campaign_advertisementas_beacon_id_advertisement__e75d0456_uniq UNIQUE (beacon_id, advertisement_id);


--
-- Name: campaign_advertisementassignment campaign_advertisementassignment_pkey; Type: CONSTRAINT; Schema: public; Owner: -
--

ALTER TABLE ONLY public.campaign_advertisementassignment
    ADD CONSTRAINT campaign_advertisementassignment_pkey PRIMARY KEY (id);


--
-- Name: campaign_advertisementlog campaign_advertisementlog_pkey; Type: CONSTRAINT; Schema: public; Owner: -
--

ALTER TABLE ONLY public.campaign_advertisementlog
    ADD CONSTRAINT campaign_advertisementlog_pkey PRIMARY KEY (log_id);


--
-- Name: campaign_beacon campaign_beacon_pkey; Type: CONSTRAINT; Schema: public; Owner: -
--

ALTER TABLE ONLY public.campaign_beacon
    ADD CONSTRAINT campaign_beacon_pkey PRIMARY KEY (beacon_id);


--
-- Name: campaign_beaconmessage campaign_beaconmessage_pkey; Type: CONSTRAINT; Schema: public; Owner: -
--

ALTER TABLE ONLY public.campaign_beaconmessage
    ADD CONSTRAINT campaign_beaconmessage_pkey PRIMARY KEY (message_id);


--
-- Name: django_admin_log django_admin_log_pkey; Type: CONSTRAINT; Schema: public; Owner: -
--

ALTER TABLE ONLY public.django_admin_log
    ADD CONSTRAINT django_admin_log_pkey PRIMARY KEY (id);


--
-- Name: django_celery_beat_clockedschedule django_celery_beat_clockedschedule_pkey; Type: CONSTRAINT; Schema: public; Owner: -
--

ALTER TABLE ONLY public.django_celery_beat_clockedschedule
    ADD CONSTRAINT django_celery_beat_clockedschedule_pkey PRIMARY KEY (id);


--
-- Name: django_celery_beat_crontabschedule django_celery_beat_crontabschedule_pkey; Type: CONSTRAINT; Schema: public; Owner: -
--

ALTER TABLE ONLY public.django_celery_beat_crontabschedule
    ADD CONSTRAINT django_celery_beat_crontabschedule_pkey PRIMARY KEY (id);


--
-- Name: django_celery_beat_intervalschedule django_celery_beat_intervalschedule_pkey; Type: CONSTRAINT; Schema: public; Owner: -
--

ALTER TABLE ONLY public.django_celery_beat_intervalschedule
    ADD CONSTRAINT django_celery_beat_intervalschedule_pkey PRIMARY KEY (id);


--
-- Name: django_celery_beat_periodictask django_celery_beat_periodictask_name_key; Type: CONSTRAINT; Schema: public; Owner: -
--

ALTER TABLE ONLY public.django_celery_beat_periodictask
    ADD CONSTRAINT django_celery_beat_periodictask_name_key UNIQUE (name);


--
-- Name: django_celery_beat_periodictask django_celery_beat_periodictask_pkey; Type: CONSTRAINT; Schema: public; Owner: -
--

ALTER TABLE ONLY public.django_celery_beat_periodictask
    ADD CONSTRAINT django_celery_beat_periodictask_pkey PRIMARY KEY (id);


--
-- Name: django_celery_beat_periodictasks django_celery_beat_periodictasks_pkey; Type: CONSTRAINT; Schema: public; Owner: -
--

ALTER TABLE ONLY public.django_celery_beat_periodictasks
    ADD CONSTRAINT django_celery_beat_periodictasks_pkey PRIMARY KEY (ident);


--
-- Name: django_celery_beat_solarschedule django_celery_beat_solar_event_latitude_longitude_ba64999a_uniq; Type: CONSTRAINT; Schema: public; Owner: -
--

ALTER TABLE ONLY public.django_celery_beat_solarschedule
    ADD CONSTRAINT django_celery_beat_solar_event_latitude_longitude_ba64999a_uniq UNIQUE (event, latitude, longitude);


--
-- Name: django_celery_beat_solarschedule django_celery_beat_solarschedule_pkey; Type: CONSTRAINT; Schema: public; Owner: -
--

ALTER TABLE ONLY public.django_celery_beat_solarschedule
    ADD CONSTRAINT django_celery_beat_solarschedule_pkey PRIMARY KEY (id);


--
-- Name: django_content_type django_content_type_app_label_model_76bd3d3b_uniq; Type: CONSTRAINT; Schema: public; Owner: -
--

ALTER TABLE ONLY public.django_content_type
    ADD CONSTRAINT django_content_type_app_label_model_76bd3d3b_uniq UNIQUE (app_label, model);


--
-- Name: django_content_type django_content_type_pkey; Type: CONSTRAINT; Schema: public; Owner: -
--

ALTER TABLE ONLY public.django_content_type
    ADD CONSTRAINT django_content_type_pkey PRIMARY KEY (id);


--
-- Name: django_migrations django_migrations_pkey; Type: CONSTRAINT; Schema: public; Owner: -
--

ALTER TABLE ONLY public.django_migrations
    ADD CONSTRAINT django_migrations_pkey PRIMARY KEY (id);


--
-- Name: django_session django_session_pkey; Type: CONSTRAINT; Schema: public; Owner: -
--

ALTER TABLE ONLY public.django_session
    ADD CONSTRAINT django_session_pkey PRIMARY KEY (session_key);


--
-- Name: auth_group_name_a6ea08ec_like; Type: INDEX; Schema: public; Owner: -
--

CREATE INDEX auth_group_name_a6ea08ec_like ON public.auth_group USING btree (name varchar_pattern_ops);


--
-- Name: auth_group_permissions_group_id_b120cbf9; Type: INDEX; Schema: public; Owner: -
--

CREATE INDEX auth_group_permissions_group_id_b120cbf9 ON public.auth_group_permissions USING btree (group_id);


--
-- Name: auth_group_permissions_permission_id_84c5c92e; Type: INDEX; Schema: public; Owner: -
--

CREATE INDEX auth_group_permissions_permission_id_84c5c92e ON public.auth_group_permissions USING btree (permission_id);


--
-- Name: auth_permission_content_type_id_2f476e4b; Type: INDEX; Schema: public; Owner: -
--

CREATE INDEX auth_permission_content_type_id_2f476e4b ON public.auth_permission USING btree (content_type_id);


--
-- Name: auth_user_groups_group_id_97559544; Type: INDEX; Schema: public; Owner: -
--

CREATE INDEX auth_user_groups_group_id_97559544 ON public.auth_user_groups USING btree (group_id);


--
-- Name: auth_user_groups_user_id_6a12ed8b; Type: INDEX; Schema: public; Owner: -
--

CREATE INDEX auth_user_groups_user_id_6a12ed8b ON public.auth_user_groups USING btree (user_id);


--
-- Name: auth_user_user_permissions_permission_id_1fbb5f2c; Type: INDEX; Schema: public; Owner: -
--

CREATE INDEX auth_user_user_permissions_permission_id_1fbb5f2c ON public.auth_user_user_permissions USING btree (permission_id);


--
-- Name: auth_user_user_permissions_user_id_a95ead1b; Type: INDEX; Schema: public; Owner: -
--

CREATE INDEX auth_user_user_permissions_user_id_a95ead1b ON public.auth_user_user_permissions USING btree (user_id);


--
-- Name: auth_user_username_6821ab7c_like; Type: INDEX; Schema: public; Owner: -
--

CREATE INDEX auth_user_username_6821ab7c_like ON public.auth_user USING btree (username varchar_pattern_ops);


--
-- Name: campaign_advertisement_end_date_4a2b0076; Type: INDEX; Schema: public; Owner: -
--

CREATE INDEX campaign_advertisement_end_date_4a2b0076 ON public.campaign_advertisement USING btree (end_date);


--
-- Name: campaign_advertisement_start_date_3b6816e0; Type: INDEX; Schema: public; Owner: -
--

CREATE INDEX campaign_advertisement_start_date_3b6816e0 ON public.campaign_advertisement USING btree (start_date);


--
-- Name: campaign_advertisement_title_aa03e5a7; Type: INDEX; Schema: public; Owner: -
--

CREATE INDEX campaign_advertisement_title_aa03e5a7 ON public.campaign_advertisement USING btree (title);


--
-- Name: campaign_advertisement_title_aa03e5a7_like; Type: INDEX; Schema: public; Owner: -
--

CREATE INDEX campaign_advertisement_title_aa03e5a7_like ON public.campaign_advertisement USING btree (title varchar_pattern_ops);


--
-- Name: campaign_advertisementassignment_advertisement_id_2fb550cb; Type: INDEX; Schema: public; Owner: -
--

CREATE INDEX campaign_advertisementassignment_advertisement_id_2fb550cb ON public.campaign_advertisementassignment USING btree (advertisement_id);


--
-- Name: campaign_advertisementassignment_beacon_id_5679b3a5; Type: INDEX; Schema: public; Owner: -
--

CREATE INDEX campaign_advertisementassignment_beacon_id_5679b3a5 ON public.campaign_advertisementassignment USING btree (beacon_id);


--
-- Name: campaign_advertisementlog_advertisement_id_4626eb70; Type: INDEX; Schema: public; Owner: -
--

CREATE INDEX campaign_advertisementlog_advertisement_id_4626eb70 ON public.campaign_advertisementlog USING btree (advertisement_id);


--
-- Name: campaign_advertisementlog_beacon_id_ccea1414; Type: INDEX; Schema: public; Owner: -
--

CREATE INDEX campaign_advertisementlog_beacon_id_ccea1414 ON public.campaign_advertisementlog USING btree (beacon_id);


--
-- Name: campaign_advertisementlog_timestamp_7e57d8bb; Type: INDEX; Schema: public; Owner: -
--

CREATE INDEX campaign_advertisementlog_timestamp_7e57d8bb ON public.campaign_advertisementlog USING btree ("timestamp");


--
-- Name: campaign_beacon_location_name_f71831c9; Type: INDEX; Schema: public; Owner: -
--

CREATE INDEX campaign_beacon_location_name_f71831c9 ON public.campaign_beacon USING btree (location_name);


--
-- Name: campaign_beacon_location_name_f71831c9_like; Type: INDEX; Schema: public; Owner: -
--

CREATE INDEX campaign_beacon_location_name_f71831c9_like ON public.campaign_beacon USING btree (location_name varchar_pattern_ops);


--
-- Name: campaign_beacon_name_4c240502; Type: INDEX; Schema: public; Owner: -
--

CREATE INDEX campaign_beacon_name_4c240502 ON public.campaign_beacon USING btree (name);


--
-- Name: campaign_beacon_name_4c240502_like; Type: INDEX; Schema: public; Owner: -
--

CREATE INDEX campaign_beacon_name_4c240502_like ON public.campaign_beacon USING btree (name varchar_pattern_ops);


--
-- Name: campaign_beaconmessage_beacon_id_db10c592; Type: INDEX; Schema: public; Owner: -
--

CREATE INDEX campaign_beaconmessage_beacon_id_db10c592 ON public.campaign_beaconmessage USING btree (beacon_id);


--
-- Name: campaign_beaconmessage_sent_at_281b2bca; Type: INDEX; Schema: public; Owner: -
--

CREATE INDEX campaign_beaconmessage_sent_at_281b2bca ON public.campaign_beaconmessage USING btree (sent_at);


--
-- Name: django_admin_log_content_type_id_c4bce8eb; Type: INDEX; Schema: public; Owner: -
--

CREATE INDEX django_admin_log_content_type_id_c4bce8eb ON public.django_admin_log USING btree (content_type_id);


--
-- Name: django_admin_log_user_id_c564eba6; Type: INDEX; Schema: public; Owner: -
--

CREATE INDEX django_admin_log_user_id_c564eba6 ON public.django_admin_log USING btree (user_id);


--
-- Name: django_celery_beat_periodictask_clocked_id_47a69f82; Type: INDEX; Schema: public; Owner: -
--

CREATE INDEX django_celery_beat_periodictask_clocked_id_47a69f82 ON public.django_celery_beat_periodictask USING btree (clocked_id);


--
-- Name: django_celery_beat_periodictask_crontab_id_d3cba168; Type: INDEX; Schema: public; Owner: -
--

CREATE INDEX django_celery_beat_periodictask_crontab_id_d3cba168 ON public.django_celery_beat_periodictask USING btree (crontab_id);


--
-- Name: django_celery_beat_periodictask_interval_id_a8ca27da; Type: INDEX; Schema: public; Owner: -
--

CREATE INDEX django_celery_beat_periodictask_interval_id_a8ca27da ON public.django_celery_beat_periodictask USING btree (interval_id);


--
-- Name: django_celery_beat_periodictask_name_265a36b7_like; Type: INDEX; Schema: public; Owner: -
--

CREATE INDEX django_celery_beat_periodictask_name_265a36b7_like ON public.django_celery_beat_periodictask USING btree (name varchar_pattern_ops);


--
-- Name: django_celery_beat_periodictask_solar_id_a87ce72c; Type: INDEX; Schema: public; Owner: -
--

CREATE INDEX django_celery_beat_periodictask_solar_id_a87ce72c ON public.django_celery_beat_periodictask USING btree (solar_id);


--
-- Name: django_session_expire_date_a5c62663; Type: INDEX; Schema: public; Owner: -
--

CREATE INDEX django_session_expire_date_a5c62663 ON public.django_session USING btree (expire_date);


--
-- Name: django_session_session_key_c0390e0f_like; Type: INDEX; Schema: public; Owner: -
--

CREATE INDEX django_session_session_key_c0390e0f_like ON public.django_session USING btree (session_key varchar_pattern_ops);


--
-- Name: auth_group_permissions auth_group_permissio_permission_id_84c5c92e_fk_auth_perm; Type: FK CONSTRAINT; Schema: public; Owner: -
--

ALTER TABLE ONLY public.auth_group_permissions
    ADD CONSTRAINT auth_group_permissio_permission_id_84c5c92e_fk_auth_perm FOREIGN KEY (permission_id) REFERENCES public.auth_permission(id) DEFERRABLE INITIALLY DEFERRED;


--
-- Name: auth_group_permissions auth_group_permissions_group_id_b120cbf9_fk_auth_group_id; Type: FK CONSTRAINT; Schema: public; Owner: -
--

ALTER TABLE ONLY public.auth_group_permissions
    ADD CONSTRAINT auth_group_permissions_group_id_b120cbf9_fk_auth_group_id FOREIGN KEY (group_id) REFERENCES public.auth_group(id) DEFERRABLE INITIALLY DEFERRED;


--
-- Name: auth_permission auth_permission_content_type_id_2f476e4b_fk_django_co; Type: FK CONSTRAINT; Schema: public; Owner: -
--

ALTER TABLE ONLY public.auth_permission
    ADD CONSTRAINT auth_permission_content_type_id_2f476e4b_fk_django_co FOREIGN KEY (content_type_id) REFERENCES public.django_content_type(id) DEFERRABLE INITIALLY DEFERRED;


--
-- Name: auth_user_groups auth_user_groups_group_id_97559544_fk_auth_group_id; Type: FK CONSTRAINT; Schema: public; Owner: -
--

ALTER TABLE ONLY public.auth_user_groups
    ADD CONSTRAINT auth_user_groups_group_id_97559544_fk_auth_group_id FOREIGN KEY (group_id) REFERENCES public.auth_group(id) DEFERRABLE INITIALLY DEFERRED;


--
-- Name: auth_user_groups auth_user_groups_user_id_6a12ed8b_fk_auth_user_id; Type: FK CONSTRAINT; Schema: public; Owner: -
--

ALTER TABLE ONLY public.auth_user_groups
    ADD CONSTRAINT auth_user_groups_user_id_6a12ed8b_fk_auth_user_id FOREIGN KEY (user_id) REFERENCES public.auth_user(id) DEFERRABLE INITIALLY DEFERRED;


--
-- Name: auth_user_user_permissions auth_user_user_permi_permission_id_1fbb5f2c_fk_auth_perm; Type: FK CONSTRAINT; Schema: public; Owner: -
--

ALTER TABLE ONLY public.auth_user_user_permissions
    ADD CONSTRAINT auth_user_user_permi_permission_id_1fbb5f2c_fk_auth_perm FOREIGN KEY (permission_id) REFERENCES public.auth_permission(id) DEFERRABLE INITIALLY DEFERRED;


--
-- Name: auth_user_user_permissions auth_user_user_permissions_user_id_a95ead1b_fk_auth_user_id; Type: FK CONSTRAINT; Schema: public; Owner: -
--

ALTER TABLE ONLY public.auth_user_user_permissions
    ADD CONSTRAINT auth_user_user_permissions_user_id_a95ead1b_fk_auth_user_id FOREIGN KEY (user_id) REFERENCES public.auth_user(id) DEFERRABLE INITIALLY DEFERRED;


--
-- Name: campaign_advertisementassignment campaign_advertiseme_advertisement_id_2fb550cb_fk_campaign_; Type: FK CONSTRAINT; Schema: public; Owner: -
--

ALTER TABLE ONLY public.campaign_advertisementassignment
    ADD CONSTRAINT campaign_advertiseme_advertisement_id_2fb550cb_fk_campaign_ FOREIGN KEY (advertisement_id) REFERENCES public.campaign_advertisement(advertisement_id) DEFERRABLE INITIALLY DEFERRED;


--
-- Name: campaign_advertisementlog campaign_advertiseme_advertisement_id_4626eb70_fk_campaign_; Type: FK CONSTRAINT; Schema: public; Owner: -
--

ALTER TABLE ONLY public.campaign_advertisementlog
    ADD CONSTRAINT campaign_advertiseme_advertisement_id_4626eb70_fk_campaign_ FOREIGN KEY (advertisement_id) REFERENCES public.campaign_advertisement(advertisement_id) DEFERRABLE INITIALLY DEFERRED;


--
-- Name: campaign_advertisementassignment campaign_advertiseme_beacon_id_5679b3a5_fk_campaign_; Type: FK CONSTRAINT; Schema: public; Owner: -
--

ALTER TABLE ONLY public.campaign_advertisementassignment
    ADD CONSTRAINT campaign_advertiseme_beacon_id_5679b3a5_fk_campaign_ FOREIGN KEY (beacon_id) REFERENCES public.campaign_beacon(beacon_id) DEFERRABLE INITIALLY DEFERRED;


--
-- Name: campaign_advertisementlog campaign_advertiseme_beacon_id_ccea1414_fk_campaign_; Type: FK CONSTRAINT; Schema: public; Owner: -
--

ALTER TABLE ONLY public.campaign_advertisementlog
    ADD CONSTRAINT campaign_advertiseme_beacon_id_ccea1414_fk_campaign_ FOREIGN KEY (beacon_id) REFERENCES public.campaign_beacon(beacon_id) DEFERRABLE INITIALLY DEFERRED;


--
-- Name: campaign_beaconmessage campaign_beaconmessa_beacon_id_db10c592_fk_campaign_; Type: FK CONSTRAINT; Schema: public; Owner: -
--

ALTER TABLE ONLY public.campaign_beaconmessage
    ADD CONSTRAINT campaign_beaconmessa_beacon_id_db10c592_fk_campaign_ FOREIGN KEY (beacon_id) REFERENCES public.campaign_beacon(beacon_id) DEFERRABLE INITIALLY DEFERRED;


--
-- Name: django_admin_log django_admin_log_content_type_id_c4bce8eb_fk_django_co; Type: FK CONSTRAINT; Schema: public; Owner: -
--

ALTER TABLE ONLY public.django_admin_log
    ADD CONSTRAINT django_admin_log_content_type_id_c4bce8eb_fk_django_co FOREIGN KEY (content_type_id) REFERENCES public.django_content_type(id) DEFERRABLE INITIALLY DEFERRED;


--
-- Name: django_admin_log django_admin_log_user_id_c564eba6_fk_auth_user_id; Type: FK CONSTRAINT; Schema: public; Owner: -
--

ALTER TABLE ONLY public.django_admin_log
    ADD CONSTRAINT django_admin_log_user_id_c564eba6_fk_auth_user_id FOREIGN KEY (user_id) REFERENCES public.auth_user(id) DEFERRABLE INITIALLY DEFERRED;


--
-- Name: django_celery_beat_periodictask django_celery_beat_p_clocked_id_47a69f82_fk_django_ce; Type: FK CONSTRAINT; Schema: public; Owner: -
--

ALTER TABLE ONLY public.django_celery_beat_periodictask
    ADD CONSTRAINT django_celery_beat_p_clocked_id_47a69f82_fk_django_ce FOREIGN KEY (clocked_id) REFERENCES public.django_celery_beat_clockedschedule(id) DEFERRABLE INITIALLY DEFERRED;


--
-- Name: django_celery_beat_periodictask django_celery_beat_p_crontab_id_d3cba168_fk_django_ce; Type: FK CONSTRAINT; Schema: public; Owner: -
--

ALTER TABLE ONLY public.django_celery_beat_periodictask
    ADD CONSTRAINT django_celery_beat_p_crontab_id_d3cba168_fk_django_ce FOREIGN KEY (crontab_id) REFERENCES public.django_celery_beat_crontabschedule(id) DEFERRABLE INITIALLY DEFERRED;


--
-- Name: django_celery_beat_periodictask django_celery_beat_p_interval_id_a8ca27da_fk_django_ce; Type: FK CONSTRAINT; Schema: public; Owner: -
--

ALTER TABLE ONLY public.django_celery_beat_periodictask
    ADD CONSTRAINT django_celery_beat_p_interval_id_a8ca27da_fk_django_ce FOREIGN KEY (interval_id) REFERENCES public.django_celery_beat_intervalschedule(id) DEFERRABLE INITIALLY DEFERRED;


--
-- Name: django_celery_beat_periodictask django_celery_beat_p_solar_id_a87ce72c_fk_django_ce; Type: FK CONSTRAINT; Schema: public; Owner: -
--

ALTER TABLE ONLY public.django_celery_beat_periodictask
    ADD CONSTRAINT django_celery_beat_p_solar_id_a87ce72c_fk_django_ce FOREIGN KEY (solar_id) REFERENCES public.django_celery_beat_solarschedule(id) DEFERRABLE INITIALLY DEFERRED;


--
-- PostgreSQL database dump complete
--

